question,answer
"1. When determining the value of an ownership stake, what is the essence of valuation for equity analysts primarily based on?
   
    A. Variables related to past investment returns  
    B. Comparisons with unrelated assets  
    C. Variables perceived to be related to future investment returns","C
    
    Explanation: Valuation for equity analysts is primarily based on variables perceived to be related to future investment returns. This includes factors that are expected to influence the value of the asset moving forward, such as market expectations and potential returns based on various metrics or forecasts."
"In equity valuation, what is the significant difference between intrinsic value and liquidation value?

    A. Intrinsic value assumes the company will continue operating, while liquidation value is the worth of the company if dissolved.  
    B. Intrinsic value is calculated based on liquidation proceeds, while liquidation value is forward-looking.  
    C. Intrinsic value considers short-term prospects, while liquidation value is focused on long-term potential.","A
    
    Explanation: The key difference is that intrinsic value incorporates the assumption that the company will continue its operations as a going concern, whereas liquidation value reflects the worth of the company if it were to be dissolved, with its assets sold individually."
"When selecting an appropriate valuation model, what criterion is crucial for equity analysts?

    A. Model complexity and sophistication  
    B. Consistency with the analyst's valuation purpose and perspective  
    C. Popularity among industry peers","B
    
    Explanation: Equity analysts should select a valuation model that is consistent with the characteristics of the company, the availability and quality of data, and, most importantly, the analyst's valuation purpose and perspective. This ensures an appropriate and relevant valuation approach."
"What is the primary function of sensitivity analysis in the valuation process for equity analysts?

    A. To determine the historical performance of the company  
    B. To assess the impact of changes in assumptions on the valuation outcome  
    C. To predict future market trends accurately","B
    
    Explanation: Sensitivity analysis helps equity analysts understand how changes in key assumptions or inputs affect the outcome of their valuation analysis. It provides insights into the impact of varying factors on the valuation results, enhancing the robustness of the analysis."
"How does an effective research report help equity analysts communicate their valuation analysis?

    A. By providing limited information to maintain investor interest  
    B. By clearly distinguishing between factual information and opinions  
    C. By omitting key assumptions to simplify the report","B
    
    Explanation: An effective research report aids equity analysts in communication by clearly distinguishing between factual information and opinions. This transparency helps readers understand the basis of the analysis and the conclusions drawn, fostering trust and credibility."
"In the valuation process, what step involves forecasting company performance based on a macroeconomic approach?

    A. Understanding the business  
    B. Selecting the appropriate valuation model  
    C. Converting forecasts to a valuation","A
    
    Explanation: Understanding the business involves evaluating industry prospects, competitive positioning, and corporate strategies, including forecasting company performance. This step often includes macroeconomic forecasts to provide a holistic view of the business environment."
"Which valuation model provides a point estimate of value that can be compared to market price?

    A. Relative valuation models  
    B. Sum-of-the-parts valuation  
    C. Absolute valuation models","C
    
    Explanation: Absolute valuation models specify an asset's intrinsic value, offering a single-point estimate of value that can be compared with the market price. Common absolute valuation models include discounted cash flow models, providing a clear assessment of the asset's worth."
"How does valuation aid in evaluating corporate events for equity analysts?

    A. By focusing solely on historical performance  
    B. By considering market expectations and future implications  
    C. By disregarding potential impacts on the company's value","B
    
    Explanation: Valuation assists equity analysts in evaluating corporate events by considering market expectations and assessing the future implications of such events on the company's value. This forward-looking approach helps in making informed investment decisions."
"11. When considering absolute valuation models versus relative valuation models, which of the following statements is true?
  
A. Absolute valuation models provide a point estimate of an asset's intrinsic value.
B. Relative valuation models calculate the exact value of an asset based on its comparative market performance.
C. Absolute valuation models always involve comparing an asset to another similar asset.","A

Explanation:
Absolute valuation models, such as discounted cash flow models, aim to estimate an asset's intrinsic value, providing a point estimate rather than an exact value. This estimate is based on the asset's expected future cash flows and risk considerations, which may differ from its market price. Relative valuation models, on the other hand, compare an asset's value to similar assets in the market, typically using price multiples or ratios."
"When conducting an industry and competitive analysis as part of equity valuation, what is a key question that analysts should address?

A. How many employees does the company have?
B. What is the market share of the company's largest competitor?
C. What are the growth prospects of the industry and how does the company position itself within it?","C

Explanation:
In an industry and competitive analysis, analysts should focus on understanding the growth prospects of the industry in which the company operates and how the company positions itself within that industry. This includes evaluating competitive forces, market trends, and the company's strategic positioning relative to its competitors."
"What is the main purpose of a sum-of-the-parts valuation approach?

A. To simplify the valuation process by applying a single, universal model to all companies.
B. To value each division or business segment of a conglomerate separately and then sum these values to derive the total value of the company.
C. To compare the market value of a stock to the book value of its parts.","B

Explanation:
The sum-of-the-parts valuation approach entails valuing individual divisions or business segments of a conglomerate separately based on their unique characteristics and then aggregating these values to determine the overall value of the company. This method allows for a more granular analysis of the company's diversified businesses."
"When selecting the appropriate valuation approach for a given company, which of the following criteria should analysts consider?

A. The analyst's personal investment preferences.
B. Consistency with the availability and quality of data.
C. The historical performance of the company's stock price.","B

Explanation:
When choosing a valuation approach, analysts should consider its consistency with the characteristics of the company being valued and the availability and quality of the data required for that approach. It is essential to select a method that aligns with the specific attributes and circumstances of the company under valuation."
"How do analysts typically handle sensitivity analysis in the valuation process?

A. By ignoring potential variations in key assumptions to maintain a simple model.
B. By adjusting the model for every possible scenario to ensure accuracy.
C. By analyzing how changes in key assumptions impact the valuation outcome.","C

Explanation:
Sensitivity analysis involves examining how changes in key assumptions, such as revenue growth rates or discount rates, affect the valuation outcome. By systematically varying these inputs and observing the resulting changes in the valuation, analysts can assess the robustness of their conclusions and understand the potential impact of different scenarios."
"What is the primary purpose of issuing fairness opinions in the context of equity valuation?

A. To provide an unbiased assessment of the fairness of a company's executive compensation.
B. To evaluate the ethical practices of a company's management team.
C. To assess the fairness of a proposed transaction from a financial standpoint.","C

Explanation:
Fairness opinions are typically solicited by boards of directors or special committees in connection with significant corporate transactions to assess the financial fairness of the proposed deal to the company's shareholders. The opinions are intended to provide an independent evaluation of whether the terms of the transaction are fair from a financial perspective."
"Which of the following elements is crucial for an effective research report in which analysts communicate their valuation analysis?

A. Including personal opinions without clearly distinguishing them from facts.
B. Providing vague information to maintain flexibility in interpretation.
C. Presenting clear and well-researched information with identifiable key assumptions.","C

Explanation:
An effective research report should present clear, well-researched information with identifiable key assumptions. It is important to distinguish between facts and opinions, outline the rationale behind valuation conclusions, and disclose any relevant assumptions or limitations to enable readers to critically evaluate the analysis."
"In the valuation process, what is the significance of the going concern assumption?

A. It assumes that the company will immediately liquidate its assets.
B. It considers the company's ability to continue operating for the foreseeable future.
C. It focuses on valuing a company's assets at their market value.","B

Explanation:
The going concern assumption in valuation signifies the belief that a company will continue its operations for the foreseeable future, typically beyond the current fiscal year. This assumption is essential for estimating future cash flows, determining the intrinsic value of the business, and assessing the long-term viability of the company."
"When evaluating company performance as part of the valuation process, what role do industry prospects and competitive position play?

A. Industry prospects and competitive position have no influence on company valuation.
B. They are critical factors that contribute to making more accurate forecasts and assessing a company's valuation.
C. They are solely used for comparison purposes and do not impact the valuation outcome.","B

Explanation:
Industry prospects and competitive position are essential considerations in the valuation process. Assessing industry dynamics, growth potential, and the company's competitive standing helps analysts make more accurate forecasts, identify value drivers, and ultimately determine the company's intrinsic value based on its relative positioning within the industry."
"1. In discounted cash flow (DCF) valuation, which fundamental concept is crucial for determining the value of a security?

A. Expected future cash flows
B. Historical market trends
C. Current market sentiments","A
Explanation: The intrinsic value of a security under the DCF model is contingent upon the present value of its expected future cash flows. This concept emphasizes the importance of analyzing and forecasting cash flows to derive an accurate valuation."
"How do analysts calculate Free Cash Flow to Equity (FCFE) based on available financial information?

A. NI + NCC - FCInv - WCInv + Net borrowing
B. EBITDA(1 - Tax rate) + Dep(Tax rate) - FCInv - WCInv
C. CFO - FCInv + Net borrowing","A
Explanation: FCFE can be calculated by starting with net income (NI) and then adjusting for non-cash charges (NCC), changes in working capital (WCInv), and net borrowing. This formula helps analysts determine the cash flows available to common stockholders."
"When using a two-stage Free Cash Flow to the Firm (FCFF) valuation model, what does the additional stage typically incorporate?

A. A declining growth rate
B. A constant growth rate
C. A one-time cash infusion","A
Explanation: A two-stage FCFF model often involves an initial stage with higher growth rates followed by a second stage where growth rates decline to a stable level. This approach accounts for changing business dynamics and long-term sustainability."
"Which scenario best aligns with the use of Free Cash Flows (FCFF or FCFE) for valuation according to analysts?

A. Company with inconsistent dividend payments
B. Company with low profitability
C. Company with high leverage levels","A
Explanation: Analysts prefer using FCFF or FCFE for valuation when companies do not pay dividends consistently or when dividend payments do not reflect the company's true capacity to distribute cash. In such cases, free cash flows provide a more accurate basis for valuation."
"How do analysts typically value common equity directly using Free Cash Flow to Equity (FCFE)?

A. Valuing FCFE and subtracting non-common-stock capital
B. Estimating FCFF and adjusting for market multiples
C. Assessing net income and EBITDA for direct equity valuation","A
Explanation: Common equity can be valued directly by finding the present value of FCFE or indirectly by first estimating the value of the firm using an FCFF model and then deducting non-common-stock capital to arrive at an estimate of equity value."
"If a company's free cash flows are growing at a constant rate, how can an analyst calculate the firm value using the FCFF model?

A. FCFF1 / (WACC - g)
B. FCFF0 * (1 + g) / (WACC - g)
C. FCFF1 * (WACC - g) / (1 + WACC)","B
Explanation: The calculation for firm value with constant growth in FCFF is derived from the formula FCFF0 * (1 + g) / (WACC - g). This formula considers the initial FCFF, the growth rate, and the weighted average cost of capital (WACC)."
"In a multistage valuation model, what crucial aspect do analysts need to consider when calculating the terminal value?

A. The company's cost of equity
B. Changes in dividend payout ratios
C. Approaches for forecasting FCFF and FCFE","A
Explanation: When applying a multistage valuation model, analysts must carefully consider the terminal value calculation, which often involves estimating the continuing value of the firm beyond the explicit forecast period using the company's cost of equity."
"Which scenario would lead financial analysts to prefer Free Cash Flows over Dividend Discount Models for valuation purposes?

A. High retention rates for earnings
B. Consistent share buybacks
C. Low revenue growth expectations","A
Explanation: High retention rates for earnings indicate that a company is reinvesting substantial profits back into the business, making Free Cash Flow models more useful for valuation than Dividend Discount Models. FCFF and FCFE capture the cash available to all investors, considering reinvestment decisions.

These questions and detailed answer explanations are designed to test a financial analyst's understanding of the principles and calculations related to Free Cash Flow valuation models. Each question covers various aspects of the knowledge base provided and requires application of concepts to practical scenarios encountered in the field of finance."
"11. Sara, a financial analyst, is evaluating two companies for potential investment. Company A generates free cash flow to the firm (FCFF) of $10 million with a weighted average cost of capital (WACC) of 8%, while Company B generates FCFF of $15 million with a WACC of 12%. Which company is more likely undervalued based on the FCFF-WACC analysis?

A. Company A  
B. Company B  
C. Not enough information to determine","B

Explanation: Company B is more likely undervalued as it generates a higher FCFF compared to Company A, indicating stronger cash flow generation potential relative to its cost of capital. The higher FCFF at a higher WACC suggests more value creation for investors in Company B."
"When forecasting free cash flow to equity (FCFE), an analyst should consider:

A. Dividends paid to shareholders
B. Net income and non-cash charges 
C. Net borrowings and equity issuances","C

Explanation: Forecasting FCFE involves considering net borrowings and equity issuances as these impact the cash available for distribution to equity holders. FCFE calculation typically includes net income adjusted for non-cash charges, net borrowings, equity issuances, and changes in working capital and capital expenditures."
"A financial analyst is using a two-stage FCFE valuation model for a company. What does the terminal value in this model represent?

A. The value of equity at the end of the forecast period
B. The present value of all future FCFE beyond the forecast period
C. The expected growth rate in FCFE after the forecast period","B

Explanation: In a two-stage FCFE valuation model, the terminal value represents the present value of all future FCFE beyond the explicit forecast period. This terminal value captures the continuing value of the company's cash flows beyond the forecast horizon."
"How is FCFF calculated from EBIT and EBITDA?

A. FCFF = EBIT(1 – Tax rate) + Dep - FCInv - WCInv
B. FCFF = EBITDA(1 – Tax rate) + Dep(Tax rate) - FCInv - WCInv
C. FCFF = EBIT - Dep - FCInv - WCInv","B

Explanation: FCFF can be calculated from EBITDA using the formula FCFF = EBITDA(1 – Tax rate) + Dep(Tax rate) - FCInv - WCInv. This calculation allows analysts to determine the cash flow available to all providers of capital, including debt and equity holders."
"In a three-stage free cash flow valuation model, what typically characterizes each stage?

A. Constant growth in FCFE throughout all stages
B. Changing growth rates in FCFE over different stages
C. No growth or negative growth in FCFE for each stage","B

Explanation: A three-stage free cash flow valuation model typically features changing growth rates in FCFE across different stages. Each stage may represent distinct phases in the company's life cycle, with varying expectations for cash flow growth rates."
"When analyzing a company's free cash flow, why is it important to adjust for changes in working capital?

A. Working capital changes do not impact free cash flow
B. Changes in working capital affect the cash available for distribution
C. Working capital adjustments only affect debt obligations","B

Explanation: Adjusting for changes in working capital is crucial in free cash flow analysis as these changes impact the cash available for distribution to investors. Positive or negative working capital changes affect the overall liquidity and cash flow position of the company."
"If a company's FCFF is growing at a constant rate of 5% and the WACC is 10%, what is the value of the firm using the constant-growth FCFF model with the initial FCFF of $20 million?

A. $400 million
B. $250 million
C. $300 million","A

Explanation: The value of the firm using the constant-growth FCFF model is calculated as FCFF / (WACC - growth rate). In this case, $20 million divided by ("
10 -,"B

Explanation: When valuing equity using the FCFE approach, it is crucial to account for non-cash charges and other adjustments in the calculation. These adjustments help determine the cash flow available to equity holders after accounting for various non-cash items affecting net income."
"How does the use of sensitivity analysis enhance FCFF and FCFE valuations?

A. It reduces the need for detailed forecasting
B. It provides a range of possible valuations based on different assumptions
C. It simplifies the calculation of terminal values","B

Explanation: Sensitivity analysis enhances FCFF and FCFE valuations by providing a range of possible valuations based on different assumptions. By evaluating various scenarios and sensitivities, analysts can better understand the potential impact of different factors on the overall valuation results."
"In a multistage free cash flow valuation model, what does the value of non-operating assets typically represent?

A. The total value of the company's operating assets
B. Excess cash and marketable securities
C. Collateral for debt obligations","B

Explanation: In a multistage free cash flow valuation model, the value of non-operating assets usually represents excess cash and marketable securities held by the company. These assets are often segregated from operating assets and included in the total valuation calculation separately."
"1. An analyst is using a residual income model to value a company's common stock. Which of the following statements is correct regarding residual income models?
A. Residual income explicitly accounts for the costs of all capital used in generating income.
B. Residual income ignores the cost of equity capital.
C. Residual income is calculated as net income minus interest expense.","A
Explanation: Residual income models explicitly recognize the costs of all capital used in generating income. This includes both debt and equity capital, making residual income a comprehensive measure of economic profit. Accounting for equity capital distinguishes residual income models from traditional accounting methods and enhances their ability to assess value creation accurately."
"An analyst is applying a residual income model to value a company's common stock. How does residual income relate to the concept of economic profit?
A. Residual income is synonymous with economic profit.
B. Economic profit includes only operating income, while residual income considers the full cost of equity capital.
C. Residual income is net income minus a charge for common shareholders' opportunity cost, akin to economic profit.","C
Explanation: Residual income, as used in valuation models, is net income less a charge for common shareholders' opportunity cost in generating that income. This opportunity cost is the cost of equity capital. Economic profit, similarly, accounts for all capital costs but is a more general term that extends beyond residual income to encompass all opportunity costs of capital, not just the equity component."
"When forecasting per-share residual income in a residual income model, which equation correctly represents the expected residual income for period t?
A. E_t − rB_t
B. (ROE_t − r)B_t
C. E_t + rB_t","A
Explanation: The expected per-share residual income for period t in a residual income model is calculated as the expected earnings per share (E_t) minus the required rate of return on equity (r) multiplied by the beginning book value per share (B_t)."
"In a two-stage residual income model with continuing residual income in stage two, what does the intrinsic value of a share of stock consist of?
A. Book value per share and expected future residual income
B. Sum of all earnings per share and dividends
C. Present value of all future cash flows","A
Explanation: In a two-stage residual income model, the intrinsic value of a share of stock is the sum of the current book value per share and the present value of expected future per-share residual income. This method explicitly values equity by considering both accounting book value and the economic value-added through residual income."
"How does the spread duration of fixed-rate corporate bonds typically compare to modified duration?
A. Spread duration is close to modified duration for fixed-rate bonds.
B. Spread duration is shorter than modified duration for fixed-rate bonds.
C. Spread duration is longer than modified duration for fixed-rate bonds.","A
Explanation: For non-callable, fixed-rate corporate bonds, the spread duration is generally very close to the modified duration. This relationship holds because interest rate changes and credit spread changes have almost identical effects on the valuation of such bonds, leading to a close alignment between spread duration and modified duration."
"When calculating the expected excess return of a bond, which factors contribute to the excess return calculation?
A. Change in credit spread, spread duration, and expected credit losses
B. Change in interest rates, bond price, and dividend yield
C. Change in price, duration, and convexity","A
Explanation: The expected excess return of a bond is affected by the change in credit spread, the spread duration of the bond, and expected credit losses. These factors collectively determine the additional return potential of holding the bond over a specified period beyond the risk-free rate."
"In a near-term bullish global environment, which high-yield credit market is expected to outperform based on the information provided?
A. Market 1 with high concentration of CCC-rated bonds
B. Market 2 with high concentration of BB-rated bonds
C. Market 3 with high concentration of CCC-rated bonds and low supply","C
Explanation: Market 3, with a high concentration of CCC-rated bonds and low expected supply, is likely to perform best in a bullish global environment. Lower-rated bonds often see greater price appreciation in favorable market conditions due to their higher risk profiles and potential for credit spread tightening."
"Which structured financial instrument would be most suitable for offering multiple sources of credit protection in Apollo's client's structured product?
A. Covered bonds
B. Asset-backed securities
C. Collateralized debt obligations","A
Explanation: Covered bonds offer a dual credit protection mechanism, providing recourse against both the issuing financial institution and the assets in the underlying cover pool. This dual credit support enhances investor protection and lowers credit risk, making covered bonds an apt choice for a structured product with multiple sources of credit protection."
"11. In the context of residual income models for equity valuation, which of the following statements is accurate regarding the calculation of residual income?
   
A. Residual income is calculated as net income minus a charge for common shareholders' opportunity cost.
   
B. Residual income is computed as total assets minus total liabilities.
   
C. Residual income represents the capital left after considering all operating expenses.

**","A** 

Explanation: Residual income is determined as net income minus the equity charge, which represents the cost of common shareholders' opportunity cost in generating that net income. This calculation helps depict the  value created by the company after accounting for the necessary capital costs."
"How does residual income valuation differ from traditional accounting-based valuation methods, such as the price-to-earnings (P/E) ratio?
   
A. Residual income valuation accounts for all capital costs, not just earnings per share.
   
B. P/E ratio valuation disregards the company's cost of equity capital.
   
C. Residual income valuation is based solely on historical financial metrics.

**","A**

Explanation: Residual income valuation considers both the explicit costs of capital, including equity, as well as incorporates future expectations for the company's performance beyond simple earnings per share figures. This difference allows for a more comprehensive analysis of the company's intrinsic value."
"Residual income models are often utilized not only for equity valuation but also for internal corporate performance measurement. How does this application showcase the utility of residual income models?

A. They provide a standardized measure of shareholder wealth maximization.
    
B. They integrate the costs of all capital used in generating income.
    
C. They rely solely on current market prices for stock valuation.

**","B**

Explanation: Residual income models, by including the costs of all capital utilized in income generation, offer a holistic view of the value created by the company, making them suitable not just for external valuation but also for assessing internal performance against cost of capital considerations."
"How can an analyst estimate the intrinsic value of a common stock using the residual income model?

A. By subtracting the earnings per share from total equity value.
    
B. By summing the current book value per share and the present value of future residual income per share.
    
C. By dividing the net income by the total number of outstanding shares.

**","B**

Explanation: The intrinsic value of a common stock using the residual income model is calculated as the sum of the current book value per share and the present value of expected future per-share residual income. This method accounts for future income generation beyond the current book value."
"When applying a two-stage residual income model with continuing residual income, why is the intrinsic value of a share adjusted over multiple time periods?

A. To discount future cash flows back to the present value.
    
B. To account for the uncertainty of residual income projections.
    
C. To capture the ongoing value created by the company beyond the initial stages.

**","C**

Explanation: The adjustment over multiple time periods in a two-stage model with continuing residual income reflects the expectation of value creation by the company beyond the initial forecast period, capturing the ongoing impact of future income generation on the stock's intrinsic value."
"What role does the return on equity (ROE) play in the calculation of residual income?

A. ROE is subtracted from the required rate of return on equity to determine residual income.
    
B. ROE is used to estimate the market price-to-book ratio.
    
C. ROE is ignored in residual income calculations.

**","A**

Explanation: Return on equity (ROE) influences residual income by comparing the company's profitability to the cost of equity. Residual income is calculated as the difference between the actual ROE and the required rate of return on equity, demonstrating the value creation above the cost of equity capital."
"When an analyst calculates the implied growth rate in residual income, what factors are typically considered?

A. Market price-to-book ratio and expected rate of return on equity.
    
B. Historical earnings per share and book value.
    
C. Company revenue and net income figures.

**","A**

Explanation: The implied growth rate in residual income is derived by considering the market price-to-book ratio along with the estimated required rate of return on equity, allowing the analyst to infer the growth expectations embedded in the stock's current valuation relative to its book value."
"How can an analyst evaluate whether a stock is overvalued, fairly valued, or undervalued using a residual income model?

A. By comparing the company's total assets to its market capitalization.
    
B. By assessing the company's debt-to-equity ratio relative to industry peers.
    
C. By determining if the intrinsic value derived from the residual income model exceeds, equals, or falls below the current market price.

**","C**

Explanation: To assess the stock's valuation status, an analyst can compare the intrinsic value obtained from the residual income model to the market price. If the intrinsic value is higher than the market price, the stock may be undervalued, while the reverse indicates potential overvaluation."
"What distinguishes residual income models from dividend discount models and free cash flow models in the context of equity valuation?

A. Residual income models focus on income generation after accounting for capital costs, unlike dividend and free cash flow models.
    
B. Residual income models only consider dividends as a source of shareholder value.
    
C. Residual income models are primarily used for short-term valuation, while dividend and free cash flow models are for long-term estimation.

**","A**

Explanation: Residual income models stand out by explicitly recognizing the costs of all capital employed in generating income, including equity capital. Unlike dividend discount and free cash flow models, residual income models emphasize income generation after deducting all capital charges, providing a distinct perspective on equity valuation."
"How do residual income models address the strengths and weaknesses of other valuation methods, leading to their selection for valuing common stock?

A. Residual income models need fewer assumptions than other methods, making them more robust in uncertain markets.
    
B. Residual income models incorporate industry-specific influences not captured by alternative approaches.
    
C. Residual income models may be favored for emphasizing economic profit over accounting figures present in other valuation methods.

**","C**

Explanation: Residual income models offer the advantage of highlighting economic profit beyond mere accounting measures, a distinction that appeals to analysts seeking a valuation approach focused on true shareholder value creation over more traditional metrics. This emphasis on economic profit sets residual income models apart from other valuation methodologies."
