id,question,answer
1,"**Generated Multiple-Choice Questions:**

1. **Question:** Equity analysts frequently use valuation models to estimate the intrinsic value of assets. Which of the following models provides an absolute valuation by deriving an asset's intrinsic value?

    A. Sum-of-the-parts valuation
    B. Method of comparables
    C. Discounted cash flow model
    
**",wer and Explanation:** C. Discounted cash flow model. The discounted cash flow (DCF) model is an absolute valuation model that calculates an asset's intrinsic value by discounting its expected future cash flows. This model provides a point estimate of value based on the cash flows' present value. It is a widely used technique in equity valuation as it captures the asset's true intrinsic worth based on expected future cash flows.
2,"**Question:** In equity valuation, understanding the going-concern assumption and liquidation value is crucial. How does the going-concern value differ from the company's liquidation value?

    A. The going-concern value considers only the current market value of assets.
    B. The liquidation value assumes continued operation of the business.
    C. The going-concern value includes intangible assets intrinsic to the business.
    
**","wer and Explanation:** C. The going-concern value includes intangible assets intrinsic to the business. The going-concern value is based on the assumption that the company will continue operating in the foreseeable future, considering both tangible and intangible assets. In contrast, the liquidation value is the amount a company would realize if it were to be dissolved and assets sold individually, excluding intangible assets. Understanding these values is essential in valuing companies for investment purposes."
3,"**Question:** When conducting equity valuation, analysts often select appropriate valuation models based on the company's characteristics and data availability. Which approach involves comparing a stock's price multiple to a benchmark multiple to determine relative value?

    A. Sum-of-the-parts valuation
    B. Absolute valuation model
    C. Method of comparables
    
**","wer and Explanation:** C. Method of comparables. In relative valuation, analysts use the method of comparables by comparing a stock's price multiple, such as P/E ratio, with a benchmark multiple derived from similar stocks or industry averages. This approach helps determine whether a stock is undervalued or overvalued relative to its peers. Comparing multiples is a common way to assess relative value in equity valuation."
4,"**Question:** Understanding the components of a company's debt-to-equity ratio is essential in evaluating its financial structure. If a company's common equity is $4,000,000, debt-capital ratio calculations must consider convertible bonds. What would be the company's debt-capital ratio if all convertible bonds were converted into common shares?

    A.",wer and Explanation:** B.
5,"4%. When all convertible bonds are converted into equity, the company's debt-capital ratio changes. By accounting for the new equity issued and reduced debt, the ratio is recalculated. This scenario illustrates how convertible instruments impact a company's financial structure and leverage ratios, influencing its overall capitalization.","wer and Explanation:** A. Sensitivity analysis. Sensitivity analysis involves testing the impact of changes in key assumptions or inputs on the valuation outcome. By varying the assumptions and observing how the valuation results change, analysts can assess the model's sensitivity to inputs and potential uncertainties. This method aids in understanding the model's robustness to different scenarios and assumptions."
6,"**Question:** An analyst needs to calculate the conditional probability of an event given another event has occurred. If event A has a probability of 60% and event B has a probability of 50%, what is the conditional probability of event A given that event B has occurred?

    A.",wer and Explanation:** C.
7,"0%. The conditional probability of event A given event B has occurred is obtained by dividing the joint probability of A and B by the probability of B. In this case, P(A|B) = P(AB)/P(B) = 32%/50% =","wer and Explanation:** B. Diseconomies of scale. When a firm faces higher average costs of production due to an increased production volume, it suggests diseconomies of scale. This situation arises when operational inefficiencies or complexities lead to higher costs per unit produced as the scale of production increases. Recognizing this concept is crucial for analyzing firms' cost structures and identifying potential efficiency issues."
8,"**Question:** Analyzing a company's financial structure with convertible securities requires an understanding of how conversions impact debt ratios. If convertible bonds can be converted into common shares, what effect does such conversion have on the company's debt-capital ratio?

    A. Debt/Total capital ratio will improve.
    B. Interest coverage ratio will deteriorate.
    C. Preferred shareholders will rank below debt holders in bankruptcy.

**","wer and Explanation:** A. Debt/Total capital ratio will improve. When convertible bonds are converted into common shares, the company's debt decreases and equity increases. This leads to an improvement in the debt-capital ratio as the company's overall capitalization changes. Understanding the impact of convertible instruments on financial ratios is essential for a comprehensive analysis of a company's financial health and leverage position."
9,"13. An analyst has calculated the following ratios for a company:  
 
Number of days of receivables 48 
Number of days of inventory 37 
Number of days of payables 28 

The cash conversion cycle for the company is closest to: 

A. 57 days.  
B. 85 days.  
C. 113 days.  

**","wer: A**

Explanation:
The cash conversion cycle is derived by calculating the Days Sales Outstanding (DSO) value, subtracting the Days Payables Outstanding (DPO) value from it, and adding the Days Inventory Outstanding (DIO) value. In this case, the Cash Conversion Cycle = DSO - DPO + DIO = 48 - 28 + 37 = 57 days. This reflects the company's efficiency in converting its investments in inventory and other resources into cash inflows.

---"
10,"An analyst gathers the following information about two companies for the year ending December 31, 2008:

Company 1: 
- Dividend payout ratio:","wer: C**

Explanation:
To calculate the expected growth rate, compute the Return on Equity (ROE) as the Return on Assets (ROA) multiplied by the Financial Leverage. Then calculate the Growth Rate (g) as the Retention Rate (1 - Dividend Payout Ratio) multiplied by the ROE. Comparing the two companies, Company 1's expected growth rate is the same as Company 2's as both have a growth rate of 12%, which signifies the growth potential of the companies based on their financial performance metrics.

---"
11,"An equity analyst working for a growth-oriented mutual fund has a tendency to misvalue the stocks of popular companies that she has previously recommended and the fund already owns. Her behavior is most likely consistent with which of the following biases?

A. Escalation bias 
B. Prospect theory  
C. Confirmation bias  

**","wer: C**

Explanation:
Confirmation bias, which refers to the tendency to favor information that confirms one's preexisting beliefs or hypotheses, is the primary bias exhibited by the analyst in this scenario. By favoring or overvaluing stocks of popular companies the fund already holds, the analyst is showing a bias towards reinforcing her prior recommendations, falling into the trap of confirmation bias.

---

These questions and detailed explanations are designed to test your understanding of the concepts related to financial analysis, valuations, and behavioral biases commonly encountered in the field."
12,"**New Question Set Based on the Provided Knowledge Base and Sample Set:**

1. Residual income is calculated as:
   
   A. Operating income minus interest expense.
   
   B. Net income minus operating income.
   
   C. Net income minus a deduction for the cost of equity capital.

   **","wer: C**  
   **Explanation:** Residual income is calculated as the net income minus a deduction for the cost of equity capital. It considers the opportunity cost of generating net income and represents the remaining income after accounting for all capital costs."
13,"How does residual income differ from traditional net income in valuation?
   
   A. Residual income includes all capital costs, while net income does not.

   B. Residual income is used for internal performance measurement, while net income is for external reporting.

   C. Residual income is always higher than net income due to the deduction of equity costs.

   **","wer: A**  
   **Explanation:** Residual income considers all capital costs, including the cost of equity capital, while traditional net income does not factor in the cost of equity. This makes residual income a more accurate measure of economic profit."
14,"How is residual income linked to a company's return on equity (ROE)?
   
   A. Residual income is higher when ROE is lower.
   
   B. Residual income equals ROE.
   
   C. Residual income is ROE minus the cost of equity capital.

   **","wer: C**  
   **Explanation:** Residual income is calculated as the difference between ROE and the cost of equity capital. It reflects how much value a company is generating above its required rate of return on equity."
15,"In the residual income model, what does the intrinsic value of a stock comprise of?
   
   A. Book value per share only.
   
   B. Present value of future expected dividends.
   
   C. Book value per share and the present value of expected future residual income.

   **","wer: C**  
   **Explanation:** The intrinsic value in the residual income model is the sum of the book value per share and the present value of expected future per-share residual income, reflecting both the existing equity value and anticipated future earnings."
16,"How is the implied growth rate in residual income calculated given the market price-to-book ratio and required rate of return on equity?
   
   A. By dividing the market price by the book value per share.
   
   B. By comparing the dividend yield to the market-to-book ratio.
   
   C. By using the Gordon Growth Model rearranged for the implied growth rate.

   **","wer: C**  
   **Explanation:** The implied growth rate in residual income is derived by rearranging the Gordon Growth Model formula to solve for the implied growth rate based on the market price-to-book ratio and the cost of equity capital."
17,"What is the significance of continuing residual income in the residual income valuation model?
   
   A. It reflects the potential for future earnings growth.
   
   B. It represents the excess returns earned beyond the forecast horizon.
   
   C. It is used to justify an estimate of ongoing residual income after the forecast period.

   **","wer: C**  
   **Explanation:** Continuing residual income is critical in valuing a company's common stock as it justifies the expectation of residual income persisting beyond the forecast horizon, providing insight into long-term value generation."
18,"How would the company's debt-to-equity ratio be affected if all convertible bonds were converted into common shares?
   
   A. The ratio would increase.
   
   B. The ratio would remain unchanged.
   
   C. The ratio would decrease.

   **","wer: A**  
   **Explanation:** Converting bonds into equity reduces debt and increases equity, resulting in a higher debt-to-equity ratio as the amount of debt decreases while equity increases."
19,"Under U.S. GAAP, how would issuing mandatory redeemable preferred shares affect financial reporting?
   
   A. It would improve the interest coverage ratio.
   
   B. It would classify preferred shares as equity not debt.
   
   C. It would increase the company's debt-to-total capital ratio.

   **","wer: C**  
   **Explanation:** Under U.S. GAAP, mandatory redeemable preferred shares are treated as debt and will increase the company's debt-to-total capital ratio when issued."
20,"How is the cash conversion cycle calculated, and why is it important for evaluating a company's operational efficiency?
   
   A. (Receivable days + Inventory days) - Payables days; Indicates liquidity risk.
   
   B. (Inventory days + Payables days) - Receivable days; Reflects inventory turnover.
   
   C. (Payables days - Receivable days) + Inventory days; Measures working capital management.

   **","wer: A**  
   **Explanation:** The cash conversion cycle measures how long it takes a company to convert its investments in inventory and other resources into cash inflows, highlighting potential liquidity concerns and operational efficiency."
21,"How is the cash conversion cycle calculated using receivables, inventory, and payables days, and what does a shorter or longer cycle signify?
   
    A. By adding receivable days, inventory days, and payables days; Longer cycle indicates efficient operations.
   
    B. By subtracting payables days from the sum of receivable and inventory days; Shorter cycle suggests faster conversion to cash.
   
    C. By simply averaging receivable, inventory, and payables days; Longer cycle points to poor working capital management.
    
    **","wer: B**  
    **Explanation:** The cash conversion cycle is calculated by subtracting payables days from the sum of receivable days and inventory days. A shorter cycle signifies efficient cash conversion and effective working capital management.

These questions are designed to test a candidate's understanding of residual income valuation, financial ratios, corporate finance concepts, and valuation models relevant to a financial analyst's role. Each question emphasizes a key concept related to residual income models and their application in equity valuation."
